name,slug,city,district,state,markets,commodities,url,latitude,longitude
Mandsaur,mandsaur,Mandsaur,,Madhya Pradesh,"


Piplya, 


Shamgarh, 


Suvasra, 


Mandsaur, 


Sitmau, 


Daloda",,https://www.kisaanhelpline.com/mandi-list/mandsaur,24.262815,75.385692
Ujjain,ujjain,Ujjain,,Madhya Pradesh,"


Unhel, 


Mahidpur, 


Tarana, 


Badnagar, 


Nagda, 


Khachrod, 


Ujjain",,https://www.kisaanhelpline.com/mandi-list/ujjain,23.188513,75.771656
Udaipur,udaipur,Udaipur,,Rajasthan,"


Fatehnagar",,https://www.kisaanhelpline.com/mandi-list/udaipur,24.578721,73.686257
Neemuch,neemuch,Neemuch,,Madhya Pradesh,"


Neemuch, 


Manasa",,https://www.kisaanhelpline.com/mandi-list/neemuch,24.630552,75.1829
Daloda,daloda,Daloda,,,,,https://www.kisaanhelpline.com/mandi-list/daloda,,
Beohari,beohari,Beohari,,,,,https://www.kisaanhelpline.com/mandi-list/beohari,,
Dhar,dhar,Dhar,,Madhya Pradesh,"


Rajgarh, 


Kukshi, 


Manawar, 


Gandhwani, 


Badnawar, 


Dhamnod, 


Dhar",,https://www.kisaanhelpline.com/mandi-list/dhar,22.578657,75.225864
Ratlam,ratlam,Ratlam,,Madhya Pradesh,"


A lot, 


Sailana, 


Jaora, 


Taal, 


Ratlam",,https://www.kisaanhelpline.com/mandi-list/ratlam,23.50222,74.955153
Sailana,sailana,Sailana,,,,,https://www.kisaanhelpline.com/mandi-list/sailana,,
Jaora,jaora,Jaora,,,,,https://www.kisaanhelpline.com/mandi-list/jaora,,
Indore,indore,Indore,,Madhya Pradesh,"


Sanwer, 


Gautampura, 


Indore, 


Mhow",,https://www.kisaanhelpline.com/mandi-list/indore,22.720362,75.8682
Khargone,khargone,Khargone,,Madhya Pradesh,"


Bedia, 


Kasrawad, 


Badwaha, 


Karhi, 


Bhikangaon, 


Khargone, 


Sanawad",,https://www.kisaanhelpline.com/mandi-list/khargone,21.954473,75.752125
Khachrod,khachrod,Khachrod,,,,,https://www.kisaanhelpline.com/mandi-list/khachrod,,
Azadpur,azadpur,Azadpur,,,,,https://www.kisaanhelpline.com/mandi-list/azadpur,,
Shajapur,shajapur,Shajapur,,Madhya Pradesh,"


Nalkehda, 


Shujalpur, 


Kalapipal, 


Agar, 


Shajapur",,https://www.kisaanhelpline.com/mandi-list/shajapur,23.4171,76.607479
Bhopal,bhopal,Bhopal,,Madhya Pradesh,"


Berasia, 


Bhopal",,https://www.kisaanhelpline.com/mandi-list/bhopal,23.258486,77.401989
Ajaygarh,ajaygarh,Ajaygarh,,,,,https://www.kisaanhelpline.com/mandi-list/ajaygarh,,
Anjad,anjad,Anjad,,,,,https://www.kisaanhelpline.com/mandi-list/anjad,,
Badnawar,badnawar,Badnawar,,,,,https://www.kisaanhelpline.com/mandi-list/badnawar,,
Betul,betul,Betul,,Madhya Pradesh,"


Multai, 


Bhensdehi, 


Betul",,https://www.kisaanhelpline.com/mandi-list/betul,21.879747,77.875365
Biaora,biaora,Biaora,,,,,https://www.kisaanhelpline.com/mandi-list/biaora,,
Alwar,alwar,Alwar,,Rajasthan,"


Kherli",,https://www.kisaanhelpline.com/mandi-list/alwar,27.414005,76.617039
Barmer,barmer,Barmer,,,,,https://www.kisaanhelpline.com/mandi-list/barmer,,
Baran,baran,Baran,,Rajasthan,"


Chhabra, 


Baran, 


Samraniyan, 


Nahargarh, 


Anta, 


Atru",,https://www.kisaanhelpline.com/mandi-list/baran,24.920817,76.682198
Bikaner,bikaner,Bikaner,,Rajasthan,"


Sridungargarh",,https://www.kisaanhelpline.com/mandi-list/bikaner,28.015929,73.317137
Balotra,balotra,Balotra,,,,,https://www.kisaanhelpline.com/mandi-list/balotra,,
Chhabra,chhabra,Chhabra,,,,,https://www.kisaanhelpline.com/mandi-list/chhabra,,
Sri Vijaynagar,sri-vijaynagar,Sri Vijaynagar,,,,,https://www.kisaanhelpline.com/mandi-list/sri-vijaynagar,,
Lashkar Gwalior,lashkar-gwalior,Lashkar Gwalior,,,,,https://www.kisaanhelpline.com/mandi-list/lashkar-gwalior,,
Narsinghpur,narsinghpur,Narsinghpur,,Madhya Pradesh,"


Tendukheda, 


Gotegaon, 


Kareli, 


Gadarwada, 


Narsinghpur",,https://www.kisaanhelpline.com/mandi-list/narsinghpur,22.934556,79.086785
Sihora,sihora,Sihora,,,,,https://www.kisaanhelpline.com/mandi-list/sihora,,
Dewas,dewas,Dewas,,Madhya Pradesh,"


Sonkatch, 


Kannod, 


Khategaon, 


Bagli, 


Haatpipliya, 


Dewas, 


Loharda",,https://www.kisaanhelpline.com/mandi-list/dewas,22.80575,76.294041
Harda,harda,Harda,,Madhya Pradesh,"


Khirakiya, 


Sirali, 


Harda, 


Timarni",,https://www.kisaanhelpline.com/mandi-list/harda,22.242797,77.117917
Burhanpur,burhanpur,Burhanpur,,Madhya Pradesh,"
, 


Burhanpur",,https://www.kisaanhelpline.com/mandi-list/burhanpur,21.334867,76.37088
Chhindwara,chhindwara,Chhindwara,,Madhya Pradesh,"


Pandhurna, 


Chaurai, 


Chhindwara",,https://www.kisaanhelpline.com/mandi-list/chhindwara,22.20719,78.798833
Damoh,damoh,Damoh,,Madhya Pradesh,"


Damoh, 


Patharia, 


Javera",,https://www.kisaanhelpline.com/mandi-list/damoh,23.798101,79.541936
Binaganj,binaganj,Binaganj,,,,,https://www.kisaanhelpline.com/mandi-list/binaganj,,
Dindori,dindori,Dindori,,Madhya Pradesh,"


Dindori, 


Gorakhpur",,https://www.kisaanhelpline.com/mandi-list/dindori,22.907087,80.884692
Ganj Basoda Mandi (Vidisha),ganj-basoda-mandi-vidisha,Ganj Basoda Mandi (Vidisha),,,,,https://www.kisaanhelpline.com/mandi-list/ganj-basoda-mandi-vidisha,,
Tikamgarh,tikamgarh,Tikamgarh,,Madhya Pradesh,"


Tikamgarh, 


Palera",,https://www.kisaanhelpline.com/mandi-list/tikamgarh,24.85521,79.047255
Jabalpur,jabalpur,Jabalpur,,Madhya Pradesh,"


Sehora, 


Paatan, 


Jabalpur",,https://www.kisaanhelpline.com/mandi-list/jabalpur,23.170152,79.932451
Singrauli,singrauli,Singrauli,,,,,https://www.kisaanhelpline.com/mandi-list/singrauli,,
Sidhi,sidhi,Sidhi,,Madhya Pradesh,"


Sidhi",,https://www.kisaanhelpline.com/mandi-list/sidhi,24.211269,81.700041
Shivpuri,shivpuri,Shivpuri,,Madhya Pradesh,"


Shivpuri, 


Badarwas, 


Khanyadhana, 


Pichhour, 


Pohari, 


Barad, 


Karera, 


Khatora, 


Magroni, 


Kolaras",,https://www.kisaanhelpline.com/mandi-list/shivpuri,25.374122,77.827887
Sendhwa,sendhwa,Sendhwa,,,,,https://www.kisaanhelpline.com/mandi-list/sendhwa,,
Shadora,shadora,Shadora,,,,,https://www.kisaanhelpline.com/mandi-list/shadora,,
Bichhiya,bichhiya,Bichhiya,,,,,https://www.kisaanhelpline.com/mandi-list/bichhiya,,
Sagar,sagar,Sagar,,Madhya Pradesh,"


Banda, 


Bina, 


Rehli, 


Shahagarh, 


Garhakota, 


Deori, 


Bamora, 


Jaisinagar, 


Khurai, 


Rahatgarh",,https://www.kisaanhelpline.com/mandi-list/sagar,23.808308,78.758254
Jobat,jobat,Jobat,,,,,https://www.kisaanhelpline.com/mandi-list/jobat,,
katni,katni,katni,,Madhya Pradesh,"


Katni",,https://www.kisaanhelpline.com/mandi-list/katni,23.717639,80.261018
Khandwa,khandwa,Khandwa,,Madhya Pradesh,"


Mundi, 


Harsood, 


Pandhana, 


Khandwa",,https://www.kisaanhelpline.com/mandi-list/khandwa,21.976978,76.567534
Khategaon,khategaon,Khategaon,,,,,https://www.kisaanhelpline.com/mandi-list/khategaon,,
Kukshi,kukshi,Kukshi,,,,,https://www.kisaanhelpline.com/mandi-list/kukshi,,
Hoshangabad,hoshangabad,Hoshangabad,,Madhya Pradesh,"


Semriharchand, 


Banapura, 


Bankhedi, 


Hoshangabad, 


Itarsi, 


Pipariya, 


Babai",,https://www.kisaanhelpline.com/mandi-list/hoshangabad,22.754554,77.719825
Nasrullaganj,nasrullaganj,Nasrullaganj,,,,,https://www.kisaanhelpline.com/mandi-list/nasrullaganj,,
Pachore,pachore,Pachore,,,,,https://www.kisaanhelpline.com/mandi-list/pachore,,
Pipariya,pipariya,Pipariya,,,,,https://www.kisaanhelpline.com/mandi-list/pipariya,,
Raisen,raisen,Raisen,,Madhya Pradesh,"


Obedullaganj, 


Raisen, 


Gairatganj, 


Begamganj, 


Udaipura, 


Silvani, 


Bareli",,https://www.kisaanhelpline.com/mandi-list/raisen,23.267591,78.172713
Sanawad,sanawad,Sanawad,,,,,https://www.kisaanhelpline.com/mandi-list/sanawad,,
Segaon,segaon,Segaon,,,,,https://www.kisaanhelpline.com/mandi-list/segaon,,
Chirawa,chirawa,Chirawa,,,,,https://www.kisaanhelpline.com/mandi-list/chirawa,,
Chitaurgarh,chitaurgarh,Chitaurgarh,,,,,https://www.kisaanhelpline.com/mandi-list/chitaurgarh,,
Dungarpur,dungarpur,Dungarpur,,,,,https://www.kisaanhelpline.com/mandi-list/dungarpur,,
Goluwala,goluwala,Goluwala,,,"
",,https://www.kisaanhelpline.com/mandi-list/goluwala,,
Sumerpur,sumerpur,Sumerpur,,,,,https://www.kisaanhelpline.com/mandi-list/sumerpur,,
Narela,narela,Narela,,,,,https://www.kisaanhelpline.com/mandi-list/narela,,
Jaisalmer,jaisalmer,Jaisalmer,,Rajasthan,"


Jaisalmer",,https://www.kisaanhelpline.com/mandi-list/jaisalmer,26.911662,70.912489
Jalore,jalore,Jalore,,Rajasthan,"


Bhinmal, 


Jalore",,https://www.kisaanhelpline.com/mandi-list/jalore,25.209348,72.317889
kota,kota,kota,,Rajasthan,"


Itawa, 


Khatauli, 


Ramganjmandi",,https://www.kisaanhelpline.com/mandi-list/kota,25.173702,75.857419
Udhampur,udhampur,Udhampur,,Jammu and Kashmir,"


Udhampur",,https://www.kisaanhelpline.com/mandi-list/udhampur,32.921973,75.133148
Pune,pune,Pune,,Maharashtra,"


Pune, 


Indapur, 


Baramati",,https://www.kisaanhelpline.com/mandi-list/pune,18.521374,73.854507
Canacona,canacona,Canacona,,Goa,,,https://www.kisaanhelpline.com/mandi-list/canacona,15.006907,74.057064
Mapusa,mapusa,Mapusa,,,,,https://www.kisaanhelpline.com/mandi-list/mapusa,,
Ponda,ponda,Ponda,,,,,https://www.kisaanhelpline.com/mandi-list/ponda,,
Solapur,solapur,Solapur,,,,,https://www.kisaanhelpline.com/mandi-list/solapur,,
Akola,akola,Akola,,Maharashtra,"


Akola, 


Murtizapur",,https://www.kisaanhelpline.com/mandi-list/akola,20.761812,77.192116
Ahmednagar,ahmednagar,Ahmednagar,,Maharashtra,"


Sangamner, 


Jamkhed, 


Pathardi, 


Rahuri, 


Kopargaon",,https://www.kisaanhelpline.com/mandi-list/ahmednagar,19.162772,74.858024
Nagpur,nagpur,Nagpur,,Maharashtra,"


Savner, 


Nagpur, 


Kamthi, 


Kalmeshwar, 


Ramtek, 


Katol, 


Umared, 


Hingna",,https://www.kisaanhelpline.com/mandi-list/nagpur,21.149813,79.082056
Kolhapur,kolhapur,Kolhapur,,Maharashtra,"


Vadgaonpeth, 


Kolhapur",,https://www.kisaanhelpline.com/mandi-list/kolhapur,16.702841,74.240533
Ahmedpur,ahmedpur,Ahmedpur,,,,,https://www.kisaanhelpline.com/mandi-list/ahmedpur,,
Jatani,jatani,Jatani,,,,,https://www.kisaanhelpline.com/mandi-list/jatani,,
Gunupur,gunupur,Gunupur,,,,,https://www.kisaanhelpline.com/mandi-list/gunupur,,
Sujangarh,sujangarh,Sujangarh,,,,,https://www.kisaanhelpline.com/mandi-list/sujangarh,,
Merta City,merta-city,Merta City,,,,,https://www.kisaanhelpline.com/mandi-list/merta-city,,
Nimbahera,nimbahera,Nimbahera,,,,,https://www.kisaanhelpline.com/mandi-list/nimbahera,,
Phalodi,phalodi,Phalodi,,,,,https://www.kisaanhelpline.com/mandi-list/phalodi,,
Pali Marwar,pali-marwar,Pali Marwar,,,,,https://www.kisaanhelpline.com/mandi-list/pali-marwar,,
Pilibanga,pilibanga,Pilibanga,,,,,https://www.kisaanhelpline.com/mandi-list/pilibanga,,
Ramganj,ramganj,Ramganj,,,,,https://www.kisaanhelpline.com/mandi-list/ramganj,,
Sangaria,sangaria,Sangaria,,,,,https://www.kisaanhelpline.com/mandi-list/sangaria,,
Sangod,sangod,Sangod,,,,,https://www.kisaanhelpline.com/mandi-list/sangod,,
Sawai Madhopur,sawai-madhopur,Sawai Madhopur,,,,,https://www.kisaanhelpline.com/mandi-list/sawai-madhopur,,
Sojat,sojat,Sojat,,,,,https://www.kisaanhelpline.com/mandi-list/sojat,,
Sojat Road,sojat-road,Sojat Road,,,,,https://www.kisaanhelpline.com/mandi-list/sojat-road,,
Dhubri,dhubri,Dhubri,,Assam,"


Dhubri, 


Gauripur",,https://www.kisaanhelpline.com/mandi-list/dhubri,26.132275,90.124996
Goreswar,goreswar,Goreswar,,,,,https://www.kisaanhelpline.com/mandi-list/goreswar,,
Karimganj,karimganj,Karimganj,,,,,https://www.kisaanhelpline.com/mandi-list/karimganj,,
Bokaro,bokaro,Bokaro,,,,,https://www.kisaanhelpline.com/mandi-list/bokaro,,
Chaibasa,chaibasa,Chaibasa,,,,,https://www.kisaanhelpline.com/mandi-list/chaibasa,,
Dhanbad,dhanbad,Dhanbad,,,,,https://www.kisaanhelpline.com/mandi-list/dhanbad,,
Jamshedpur,jamshedpur,Jamshedpur,,,,,https://www.kisaanhelpline.com/mandi-list/jamshedpur,,
Ramgarh,ramgarh,Ramgarh,,,,,https://www.kisaanhelpline.com/mandi-list/ramgarh,,
Arni,arni,Arni,,,,,https://www.kisaanhelpline.com/mandi-list/arni,,
Aheri,aheri,Aheri,,,,,https://www.kisaanhelpline.com/mandi-list/aheri,,
Akkalkuwa,akkalkuwa,Akkalkuwa,,,,,https://www.kisaanhelpline.com/mandi-list/akkalkuwa,,
Akkalkot,akkalkot,Akkalkot,,,,,https://www.kisaanhelpline.com/mandi-list/akkalkot,,
Shirpur,shirpur,Shirpur,,,,,https://www.kisaanhelpline.com/mandi-list/shirpur,,
Atpadi,atpadi,Atpadi,,,,,https://www.kisaanhelpline.com/mandi-list/atpadi,,
Akluj,akluj,Akluj,,,,,https://www.kisaanhelpline.com/mandi-list/akluj,,
Akole,akole,Akole,,,,,https://www.kisaanhelpline.com/mandi-list/akole,,
Akot,akot,Akot,,,,,https://www.kisaanhelpline.com/mandi-list/akot,,
Alibag,alibag,Alibag,,,,,https://www.kisaanhelpline.com/mandi-list/alibag,,
Amalner,amalner,Amalner,,,,,https://www.kisaanhelpline.com/mandi-list/amalner,,
Ambad,ambad,Ambad,,,,,https://www.kisaanhelpline.com/mandi-list/ambad,,
Amravati,amravati,Amravati,,,,,https://www.kisaanhelpline.com/mandi-list/amravati,,
Akhada Balapur,akhada-balapur,Akhada Balapur,,,,,https://www.kisaanhelpline.com/mandi-list/akhada-balapur,,
Curchorem,curchorem,Curchorem,,Goa,,,https://www.kisaanhelpline.com/mandi-list/curchorem,15.261738,74.108276
Panaji,panaji,Panaji,,goa,,,https://www.kisaanhelpline.com/mandi-list/panaji,15.498995,73.828214
Ashta,ashta,Ashta,,,,,https://www.kisaanhelpline.com/mandi-list/ashta,,
Khirkiya,khirkiya,Khirkiya,,,,,https://www.kisaanhelpline.com/mandi-list/khirkiya,,
Baharihat,baharihat,Baharihat,,,,,https://www.kisaanhelpline.com/mandi-list/baharihat,,
Bongaigaon,bongaigaon,Bongaigaon,,,,,https://www.kisaanhelpline.com/mandi-list/bongaigaon,,
Dibrugarh,dibrugarh,Dibrugarh,,,,,https://www.kisaanhelpline.com/mandi-list/dibrugarh,,
Goalpara,goalpara,Goalpara,,Assam,"


Goalpara",,https://www.kisaanhelpline.com/mandi-list/goalpara,26.049188,90.600186
Golaghat,golaghat,Golaghat,,,,,https://www.kisaanhelpline.com/mandi-list/golaghat,,
Hailakandi,hailakandi,Hailakandi,,,,,https://www.kisaanhelpline.com/mandi-list/hailakandi,,
Howly,howly,Howly,,,,,https://www.kisaanhelpline.com/mandi-list/howly,,
Jorhat,jorhat,Jorhat,,,,,https://www.kisaanhelpline.com/mandi-list/jorhat,,
Kharupetia,kharupetia,Kharupetia,,,,,https://www.kisaanhelpline.com/mandi-list/kharupetia,,
Lanka,lanka,Lanka,,,,,https://www.kisaanhelpline.com/mandi-list/lanka,,
Nagaon,nagaon,Nagaon,,Assam,"


Doomdumia, 


Dhing, 


Haibargaon, 


Ambagan",,https://www.kisaanhelpline.com/mandi-list/nagaon,26.331365,92.752476
Nalbari,nalbari,Nalbari,,Assam,"


Nalbari",,https://www.kisaanhelpline.com/mandi-list/nalbari,26.353363,91.398366
Silchar,silchar,Silchar,,,,,https://www.kisaanhelpline.com/mandi-list/silchar,,
Tezpur,tezpur,Tezpur,,,,,https://www.kisaanhelpline.com/mandi-list/tezpur,,
Achanta,achanta,Achanta,,,,,https://www.kisaanhelpline.com/mandi-list/achanta,,
Addanki,addanki,Addanki,,,,,https://www.kisaanhelpline.com/mandi-list/addanki,,
Adoni,adoni,Adoni,,,,,https://www.kisaanhelpline.com/mandi-list/adoni,,
Akividu,akividu,Akividu,,,,,https://www.kisaanhelpline.com/mandi-list/akividu,,
Alamuru,alamuru,Alamuru,,,,,https://www.kisaanhelpline.com/mandi-list/alamuru,,
Aluru,aluru,Aluru,,,,,https://www.kisaanhelpline.com/mandi-list/aluru,,
Amudalavalasa,amudalavalasa,Amudalavalasa,,,,,https://www.kisaanhelpline.com/mandi-list/amudalavalasa,,
Ambajipeta,ambajipeta,Ambajipeta,,,,,https://www.kisaanhelpline.com/mandi-list/ambajipeta,,
Anakapalli,anakapalli,Anakapalli,,,,,https://www.kisaanhelpline.com/mandi-list/anakapalli,,
Anantapur,anantapur,Anantapur,,Andhra Pradesh,"


Anantapur",,https://www.kisaanhelpline.com/mandi-list/anantapur,14.72422,77.430674
Anaparthy,anaparthy,Anaparthy,,,,,https://www.kisaanhelpline.com/mandi-list/anaparthy,,
Atmakur,atmakur,Atmakur,,,,,https://www.kisaanhelpline.com/mandi-list/atmakur,,
Avanigadda,avanigadda,Avanigadda,,,,,https://www.kisaanhelpline.com/mandi-list/avanigadda,,
Bapatla,bapatla,Bapatla,,,,,https://www.kisaanhelpline.com/mandi-list/bapatla,,
Bhimadole,bhimadole,Bhimadole,,,,,https://www.kisaanhelpline.com/mandi-list/bhimadole,,
Chirala,chirala,Chirala,,,,,https://www.kisaanhelpline.com/mandi-list/chirala,,
Chittoor,chittoor,Chittoor,,,,,https://www.kisaanhelpline.com/mandi-list/chittoor,,
Chodavaram,chodavaram,Chodavaram,,,,,https://www.kisaanhelpline.com/mandi-list/chodavaram,,
Cumbum,cumbum,Cumbum,,,,,https://www.kisaanhelpline.com/mandi-list/cumbum,,
Darsi,darsi,Darsi,,,,,https://www.kisaanhelpline.com/mandi-list/darsi,,
Dharmavaram,dharmavaram,Dharmavaram,,,,,https://www.kisaanhelpline.com/mandi-list/dharmavaram,,
Denduluru,denduluru,Denduluru,,,,,https://www.kisaanhelpline.com/mandi-list/denduluru,,
Dhone,dhone,Dhone,,,,,https://www.kisaanhelpline.com/mandi-list/dhone,,
Duggirala,duggirala,Duggirala,,,,,https://www.kisaanhelpline.com/mandi-list/duggirala,,
Eluru,eluru,Eluru,,,,,https://www.kisaanhelpline.com/mandi-list/eluru,,
Gajapathinagaram,gajapathinagaram,Gajapathinagaram,,,,,https://www.kisaanhelpline.com/mandi-list/gajapathinagaram,,
Gannavaram,gannavaram,Gannavaram,,,,,https://www.kisaanhelpline.com/mandi-list/gannavaram,,
Pasighat,pasighat,Pasighat,,,,,https://www.kisaanhelpline.com/mandi-list/pasighat,,
Roing,roing,Roing,,,,,https://www.kisaanhelpline.com/mandi-list/roing,,
Tawang,tawang,Tawang,,,,,https://www.kisaanhelpline.com/mandi-list/tawang,,
Tezu,tezu,Tezu,,,,,https://www.kisaanhelpline.com/mandi-list/tezu,,
Ziro,ziro,Ziro,,,,,https://www.kisaanhelpline.com/mandi-list/ziro,,
Giddaluru,giddaluru,Giddaluru,,,,,https://www.kisaanhelpline.com/mandi-list/giddaluru,,
Gooty,gooty,Gooty,,,,,https://www.kisaanhelpline.com/mandi-list/gooty,,
Derol,derol,Derol,,,,,https://www.kisaanhelpline.com/mandi-list/derol,,
Ahmdabad,ahmdabad,Ahmdabad,,,,,https://www.kisaanhelpline.com/mandi-list/ahmdabad,,
Amod,amod,Amod,,,,,https://www.kisaanhelpline.com/mandi-list/amod,,
Amreli,amreli,Amreli,,Gujarat,"


Dhari, 


Rajula, 


Savarkundla, 


Babra, 


Damnagar, 
, 


Bagasara",,https://www.kisaanhelpline.com/mandi-list/amreli,21.417612,71.249609
Anand,anand,Anand,,Gujarat,"


Borsad, 


Tarapur",,https://www.kisaanhelpline.com/mandi-list/anand,22.558656,72.962723
Anjar,anjar,Anjar,,,,,https://www.kisaanhelpline.com/mandi-list/anjar,,
Anklav,anklav,Anklav,,,,,https://www.kisaanhelpline.com/mandi-list/anklav,,
ankleshwar,ankleshwar,ankleshwar,,,,,https://www.kisaanhelpline.com/mandi-list/ankleshwar,,
Babra,babra,Babra,,,,,https://www.kisaanhelpline.com/mandi-list/babra,,
Bagasara,bagasara,Bagasara,,,,,https://www.kisaanhelpline.com/mandi-list/bagasara,,
Balasinor,balasinor,Balasinor,,,,,https://www.kisaanhelpline.com/mandi-list/balasinor,,
Bardoli,bardoli,Bardoli,,,,,https://www.kisaanhelpline.com/mandi-list/bardoli,,
Bharuch,bharuch,Bharuch,,Gujarat,"


Bharuch, 


Ankleshwar",,https://www.kisaanhelpline.com/mandi-list/bharuch,21.708043,72.995694
Bavla,bavla,Bavla,,,,,https://www.kisaanhelpline.com/mandi-list/bavla,,
Bayad,bayad,Bayad,,,,,https://www.kisaanhelpline.com/mandi-list/bayad,,
Becharaji,becharaji,Becharaji,,,,,https://www.kisaanhelpline.com/mandi-list/becharaji,,
Gopalapuram,gopalapuram,Gopalapuram,,,,,https://www.kisaanhelpline.com/mandi-list/gopalapuram,,
Bhabhar,bhabhar,Bhabhar,,,,,https://www.kisaanhelpline.com/mandi-list/bhabhar,,
Gudivada,gudivada,Gudivada,,,,,https://www.kisaanhelpline.com/mandi-list/gudivada,,
bhanvad,bhanvad,bhanvad,,,,,https://www.kisaanhelpline.com/mandi-list/bhanvad,,
BHAVNAGAR,bhavnagar,BHAVNAGAR,,Gujarat,"
, 


Palitana, 


Taleja, 


Bhavnagar",,https://www.kisaanhelpline.com/mandi-list/bhavnagar,21.771884,72.141645
Gudur,gudur,Gudur,,,,,https://www.kisaanhelpline.com/mandi-list/gudur,,
Guntur,guntur,Guntur,,Andhra Pradesh,"


Guntur, 


Tenali",,https://www.kisaanhelpline.com/mandi-list/guntur,16.291519,80.454159
Bhesan,bhesan,Bhesan,,,,,https://www.kisaanhelpline.com/mandi-list/bhesan,,
Bhiloda,bhiloda,Bhiloda,,,,,https://www.kisaanhelpline.com/mandi-list/bhiloda,,
BHUJ,bhuj,BHUJ,,,,,https://www.kisaanhelpline.com/mandi-list/bhuj,,
BILIMORA,bilimora,BILIMORA,,,,,https://www.kisaanhelpline.com/mandi-list/bilimora,,
BODELI,bodeli,BODELI,,,,,https://www.kisaanhelpline.com/mandi-list/bodeli,,
dahod,dahod,dahod,,Gujarat,"


Dahod",,https://www.kisaanhelpline.com/mandi-list/dahod,22.91941,74.134272
Deesa,deesa,Deesa,,,,,https://www.kisaanhelpline.com/mandi-list/deesa,,
dehgam,dehgam,dehgam,,,,,https://www.kisaanhelpline.com/mandi-list/dehgam,,
DAMNAGAR,damnagar,DAMNAGAR,,,,,https://www.kisaanhelpline.com/mandi-list/damnagar,,
DHANERA,dhanera,DHANERA,,,,,https://www.kisaanhelpline.com/mandi-list/dhanera,,
Dhansura,dhansura,Dhansura,,,,,https://www.kisaanhelpline.com/mandi-list/dhansura,,
DHARAMPUR,dharampur,DHARAMPUR,,,,,https://www.kisaanhelpline.com/mandi-list/dharampur,,
dhari,dhari,dhari,,,,,https://www.kisaanhelpline.com/mandi-list/dhari,,
dhoraji,dhoraji,dhoraji,,,,,https://www.kisaanhelpline.com/mandi-list/dhoraji,,
Hindupur,hindupur,Hindupur,,,,,https://www.kisaanhelpline.com/mandi-list/hindupur,,
Kalol,kalol,Kalol,,,,,https://www.kisaanhelpline.com/mandi-list/kalol,,
DHROL,dhrol,DHROL,,,,,https://www.kisaanhelpline.com/mandi-list/dhrol,,
ghoghamba,ghoghamba,ghoghamba,,,,,https://www.kisaanhelpline.com/mandi-list/ghoghamba,,
GODHRA,godhra,GODHRA,,,,,https://www.kisaanhelpline.com/mandi-list/godhra,,
gondal,gondal,gondal,,,,,https://www.kisaanhelpline.com/mandi-list/gondal,,
Halol,halol,Halol,,,,,https://www.kisaanhelpline.com/mandi-list/halol,,
Halvad,halvad,Halvad,,,,,https://www.kisaanhelpline.com/mandi-list/halvad,,
hansot,hansot,hansot,,,,,https://www.kisaanhelpline.com/mandi-list/hansot,,
Himatnagar,himatnagar,Himatnagar,,,,,https://www.kisaanhelpline.com/mandi-list/himatnagar,,
IDAR,idar,IDAR,,,,,https://www.kisaanhelpline.com/mandi-list/idar,,
Iqbalgadh,iqbalgadh,Iqbalgadh,,,,,https://www.kisaanhelpline.com/mandi-list/iqbalgadh,,
Jagadia,jagadia,Jagadia,,,,,https://www.kisaanhelpline.com/mandi-list/jagadia,,
Jhalod,jhalod,Jhalod,,,,,https://www.kisaanhelpline.com/mandi-list/jhalod,,
Jamkandorna,jamkandorna,Jamkandorna,,,,,https://www.kisaanhelpline.com/mandi-list/jamkandorna,,
JamKhambhalia,jamkhambhalia,JamKhambhalia,,,,,https://www.kisaanhelpline.com/mandi-list/jamkhambhalia,,
Jamjodhpur,jamjodhpur,Jamjodhpur,,,,,https://www.kisaanhelpline.com/mandi-list/jamjodhpur,,
Jamnagar,jamnagar,Jamnagar,,Gujarat,"


Kalawad, 


Jamnagar",,https://www.kisaanhelpline.com/mandi-list/jamnagar,22.473242,70.05521
Jasdan,jasdan,Jasdan,,,,,https://www.kisaanhelpline.com/mandi-list/jasdan,,
jetpurpavi,jetpurpavi,jetpurpavi,,,,,https://www.kisaanhelpline.com/mandi-list/jetpurpavi,,
badanpar,badanpar,badanpar,,,,,https://www.kisaanhelpline.com/mandi-list/badanpar,,
Junagadh,junagadh,Junagadh,,,,,https://www.kisaanhelpline.com/mandi-list/junagadh,,
KADI,kadi,KADI,,,,,https://www.kisaanhelpline.com/mandi-list/kadi,,
Kalavad,kalavad,Kalavad,,,,,https://www.kisaanhelpline.com/mandi-list/kalavad,,
Kapadvanj,kapadvanj,Kapadvanj,,,,,https://www.kisaanhelpline.com/mandi-list/kapadvanj,,
karjan,karjan,karjan,,,,,https://www.kisaanhelpline.com/mandi-list/karjan,,
kathlal,kathlal,kathlal,,,,,https://www.kisaanhelpline.com/mandi-list/kathlal,,
Kawant,kawant,Kawant,,,,,https://www.kisaanhelpline.com/mandi-list/kawant,,
khambha,khambha,khambha,,,,,https://www.kisaanhelpline.com/mandi-list/khambha,,
MANDVI KUTCH,mandvi-kutch,MANDVI KUTCH,,,,,https://www.kisaanhelpline.com/mandi-list/mandvi-kutch,,
Mehsana,mehsana,Mehsana,,Gujarat,"


Kadi, 


Visnagar, 


Unjha, 


Mehsana, 


Unava",,https://www.kisaanhelpline.com/mandi-list/mehsana,23.601263,72.374152
PATDI,patdi,PATDI,,,,,https://www.kisaanhelpline.com/mandi-list/patdi,,
Piplod,piplod,Piplod,,,,,https://www.kisaanhelpline.com/mandi-list/piplod,,
Rajkot,rajkot,Rajkot,,Gujarat,"


Jasdan, 


Rajkot, 


Dhoraji",,https://www.kisaanhelpline.com/mandi-list/rajkot,22.305326,70.802838
Samalwada,samalwada,Samalwada,,,,,https://www.kisaanhelpline.com/mandi-list/samalwada,,
Vadodara,vadodara,Vadodara,,,,,https://www.kisaanhelpline.com/mandi-list/vadodara,,
Aarni,aarni,Aarni,,,,,https://www.kisaanhelpline.com/mandi-list/aarni,,
Akalkuwa,akalkuwa,Akalkuwa,,,,,https://www.kisaanhelpline.com/mandi-list/akalkuwa,,
abohar,abohar,abohar,,,,,https://www.kisaanhelpline.com/mandi-list/abohar,,
Adampur Doaba,adampur-doaba,Adampur Doaba,,,,,https://www.kisaanhelpline.com/mandi-list/adampur-doaba,,
Ahmedgarh,ahmedgarh,Ahmedgarh,,,,,https://www.kisaanhelpline.com/mandi-list/ahmedgarh,,
Ajnala,ajnala,Ajnala,,,,,https://www.kisaanhelpline.com/mandi-list/ajnala,,
AMARGARH,amargarh,AMARGARH,,,,,https://www.kisaanhelpline.com/mandi-list/amargarh,,
amloh,amloh,amloh,,,,,https://www.kisaanhelpline.com/mandi-list/amloh,,
Amritsar,amritsar,Amritsar,,Punjab,"


Rayya, 


Majitha",,https://www.kisaanhelpline.com/mandi-list/amritsar,31.635666,74.87875
Atari,atari,Atari,,,,,https://www.kisaanhelpline.com/mandi-list/atari,,
Badhni Kalan,badhni-kalan,Badhni Kalan,,,,,https://www.kisaanhelpline.com/mandi-list/badhni-kalan,,
BAGHAPURANA,baghapurana,BAGHAPURANA,,,,,https://www.kisaanhelpline.com/mandi-list/baghapurana,,
Balachaur,balachaur,Balachaur,,,,,https://www.kisaanhelpline.com/mandi-list/balachaur,,
Barnala,barnala,Barnala,,Punjab,,,https://www.kisaanhelpline.com/mandi-list/barnala,30.37168,75.503989
Banga,banga,Banga,,,,,https://www.kisaanhelpline.com/mandi-list/banga,,
Bareta,bareta,Bareta,,,,,https://www.kisaanhelpline.com/mandi-list/bareta,,
Bassi Pathana,bassi-pathana,Bassi Pathana,,,,,https://www.kisaanhelpline.com/mandi-list/bassi-pathana,,
BATALA,batala,BATALA,,,,,https://www.kisaanhelpline.com/mandi-list/batala,,
BHADAUR,bhadaur,BHADAUR,,,,,https://www.kisaanhelpline.com/mandi-list/bhadaur,,
Bhadson,bhadson,Bhadson,,,,,https://www.kisaanhelpline.com/mandi-list/bhadson,,
Bhagta BHai ka,bhagta-bhai-ka,Bhagta BHai ka,,,,,https://www.kisaanhelpline.com/mandi-list/bhagta-bhai-ka,,
Bhatinda,bhatinda,Bhatinda,,Punjab,"


Talwandi Sabo, 


Sangat, 


Bhucho, 


Raman, 


Bhagta Bhai Ka, 


Bathinda",,https://www.kisaanhelpline.com/mandi-list/bhatinda,30.206791,74.94637
BHAWANIGARH,bhawanigarh,BHAWANIGARH,,,,,https://www.kisaanhelpline.com/mandi-list/bhawanigarh,,
Bhikhi,bhikhi,Bhikhi,,,,,https://www.kisaanhelpline.com/mandi-list/bhikhi,,
Bhikhiwind,bhikhiwind,Bhikhiwind,,,,,https://www.kisaanhelpline.com/mandi-list/bhikhiwind,,
Chehreta Amritsar,chehreta-amritsar,Chehreta Amritsar,,,,,https://www.kisaanhelpline.com/mandi-list/chehreta-amritsar,,
Khalra,khalra,Khalra,,,,,https://www.kisaanhelpline.com/mandi-list/khalra,,
Sehna,sehna,Sehna,,,,,https://www.kisaanhelpline.com/mandi-list/sehna,,
Ajitwal,ajitwal,Ajitwal,,,,,https://www.kisaanhelpline.com/mandi-list/ajitwal,,
Alangudi,alangudi,Alangudi,,,,,https://www.kisaanhelpline.com/mandi-list/alangudi,,
acharapakkam,acharapakkam,acharapakkam,,,,,https://www.kisaanhelpline.com/mandi-list/acharapakkam,,
AMBUR,ambur,AMBUR,,,,,https://www.kisaanhelpline.com/mandi-list/ambur,,
Ammoor,ammoor,Ammoor,,,,,https://www.kisaanhelpline.com/mandi-list/ammoor,,
Anthiyur,anthiyur,Anthiyur,,,,,https://www.kisaanhelpline.com/mandi-list/anthiyur,,
ARANI,arani,ARANI,,,,,https://www.kisaanhelpline.com/mandi-list/arani,,
Aranthagi,aranthagi,Aranthagi,,,,,https://www.kisaanhelpline.com/mandi-list/aranthagi,,
ARCOT,arcot,ARCOT,,,,,https://www.kisaanhelpline.com/mandi-list/arcot,,
Ariyalur,ariyalur,Ariyalur,,Tamil Nadu,,,https://www.kisaanhelpline.com/mandi-list/ariyalur,11.153056,79.25858
ARAKKONAM,arakkonam,ARAKKONAM,,,,,https://www.kisaanhelpline.com/mandi-list/arakkonam,,
Aruppukottai,aruppukottai,Aruppukottai,,,,,https://www.kisaanhelpline.com/mandi-list/aruppukottai,,
Attur,attur,Attur,,,,,https://www.kisaanhelpline.com/mandi-list/attur,,
Coimbatore,coimbatore,Coimbatore,,Tamil Nadu,"


Udumalpet",,https://www.kisaanhelpline.com/mandi-list/coimbatore,11.001812,76.962842
Alangayam,alangayam,Alangayam,,,,,https://www.kisaanhelpline.com/mandi-list/alangayam,,
Harur,harur,Harur,,,,,https://www.kisaanhelpline.com/mandi-list/harur,,
Bishalgarh,bishalgarh,Bishalgarh,,,,,https://www.kisaanhelpline.com/mandi-list/bishalgarh,,
Champaknagar,champaknagar,Champaknagar,,,,,https://www.kisaanhelpline.com/mandi-list/champaknagar,,
Chowmanu,chowmanu,Chowmanu,,,,,https://www.kisaanhelpline.com/mandi-list/chowmanu,,
Tulashikar,tulashikar,Tulashikar,,,,,https://www.kisaanhelpline.com/mandi-list/tulashikar,,
ACHENERRA,achenerra,ACHENERRA,,,,,https://www.kisaanhelpline.com/mandi-list/achenerra,,
Agra,agra,Agra,,Uttar Pradesh,"


Samsabad, 


Achnera, 


Fatehabad",,https://www.kisaanhelpline.com/mandi-list/agra,27.175255,78.009816
aligarh,aligarh,aligarh,,Uttar Pradesh,"


Aligarh, 


Atrauli, 


Khair, 


Charra",,https://www.kisaanhelpline.com/mandi-list/aligarh,27.876107,78.135815
Ambedkar Nagar,ambedkar-nagar,Ambedkar Nagar,,,,,https://www.kisaanhelpline.com/mandi-list/ambedkar-nagar,,
Bahraich,bahraich,Bahraich,,Uttar Pradesh,"


Bahraich, 


Naanpara",,https://www.kisaanhelpline.com/mandi-list/bahraich,27.734382,81.47654
Barabanki,barabanki,Barabanki,,Uttar Pradesh,"


Barabanki",,https://www.kisaanhelpline.com/mandi-list/barabanki,26.942141,81.385609
Bareilly,bareilly,Bareilly,,Uttar Pradesh,"


Bareilly, 


Anwala",,https://www.kisaanhelpline.com/mandi-list/bareilly,28.458234,79.404745
Baraut,baraut,Baraut,,,,,https://www.kisaanhelpline.com/mandi-list/baraut,,
bharthna,bharthna,bharthna,,,,,https://www.kisaanhelpline.com/mandi-list/bharthna,,
Basti,basti,Basti,,Uttar Pradesh,"


Basti",,https://www.kisaanhelpline.com/mandi-list/basti,26.838708,82.535092
bazpur,bazpur,bazpur,,,,,https://www.kisaanhelpline.com/mandi-list/bazpur,,
Chandausi,chandausi,Chandausi,,,,,https://www.kisaanhelpline.com/mandi-list/chandausi,,
Chorichora,chorichora,Chorichora,,,,,https://www.kisaanhelpline.com/mandi-list/chorichora,,
Choubepur,choubepur,Choubepur,,,,,https://www.kisaanhelpline.com/mandi-list/choubepur,,
DADRI,dadri,DADRI,,,,,https://www.kisaanhelpline.com/mandi-list/dadri,,
etah,etah,etah,,,,,https://www.kisaanhelpline.com/mandi-list/etah,,
Faizabad,faizabad,Faizabad,,Uttar Pradesh,,,https://www.kisaanhelpline.com/mandi-list/faizabad,26.780799,82.148659
Farrukhabad,farrukhabad,Farrukhabad,,,,,https://www.kisaanhelpline.com/mandi-list/farrukhabad,,
Fatehabad,fatehabad,Fatehabad,,Haryana,"


Fatehabad, 


Ratia",,https://www.kisaanhelpline.com/mandi-list/fatehabad,29.535921,75.57529
FATEHPUR SIKRI,fatehpur-sikri,FATEHPUR SIKRI,,,,,https://www.kisaanhelpline.com/mandi-list/fatehpur-sikri,,
Firozabad,firozabad,Firozabad,,,,,https://www.kisaanhelpline.com/mandi-list/firozabad,,
Ghaziabad,ghaziabad,Ghaziabad,,Uttar Pradesh,"
, 


Noida, 


Hapur, 


Ghaziabad",,https://www.kisaanhelpline.com/mandi-list/ghaziabad,28.774997,77.458697
Hathras,hathras,Hathras,,Uttar Pradesh,"


Haathras, 


Shadabad, 


Sikandraraau",,https://www.kisaanhelpline.com/mandi-list/hathras,27.572432,78.111621
JAGNAIR,jagnair,JAGNAIR,,,,,https://www.kisaanhelpline.com/mandi-list/jagnair,,
jhijhank,jhijhank,jhijhank,,,,,https://www.kisaanhelpline.com/mandi-list/jhijhank,,
kaimganj,kaimganj,kaimganj,,,,,https://www.kisaanhelpline.com/mandi-list/kaimganj,,
KASGANJ,kasganj,KASGANJ,,,,,https://www.kisaanhelpline.com/mandi-list/kasganj,,
khair,khair,khair,,,,,https://www.kisaanhelpline.com/mandi-list/khair,,
Khairagarh,khairagarh,Khairagarh,,,,,https://www.kisaanhelpline.com/mandi-list/khairagarh,,
KOSIKALAN,kosikalan,KOSIKALAN,,,,,https://www.kisaanhelpline.com/mandi-list/kosikalan,,
Angul,angul,Angul,,,"
 Secretary",,https://www.kisaanhelpline.com/mandi-list/angul,,
Balasore,balasore,Balasore,,Odisha,"


Nilagiri, 


Jaleswar",,https://www.kisaanhelpline.com/mandi-list/balasore,21.500642,86.919884
Balugaon,balugaon,Balugaon,,,,,https://www.kisaanhelpline.com/mandi-list/balugaon,,
Barpali,barpali,Barpali,,,,,https://www.kisaanhelpline.com/mandi-list/barpali,,
Bargarh,bargarh,Bargarh,,Odisha,"


Padampur, 


Attabira, 


Bargarh",,https://www.kisaanhelpline.com/mandi-list/bargarh,21.231992,83.565274
Berhampur,berhampur,Berhampur,,,,,https://www.kisaanhelpline.com/mandi-list/berhampur,,
Boudh,boudh,Boudh,,Odisha,"


Boudh",,https://www.kisaanhelpline.com/mandi-list/boudh,20.640746,83.99697
Cuttack,cuttack,Cuttack,,Odisha,"


Banki, 


Kendupatna",,https://www.kisaanhelpline.com/mandi-list/cuttack,20.4686,85.8792
Dhenkanal,dhenkanal,Dhenkanal,,Odisha,"


Hindol, 


Kamakhyanagar",,https://www.kisaanhelpline.com/mandi-list/dhenkanal,20.835149,85.602231
DUNGURIPALI,dunguripali,DUNGURIPALI,,,,,https://www.kisaanhelpline.com/mandi-list/dunguripali,,
Godbhaga,godbhaga,Godbhaga,,,,,https://www.kisaanhelpline.com/mandi-list/godbhaga,,
Hinjilicut,hinjilicut,Hinjilicut,,,,,https://www.kisaanhelpline.com/mandi-list/hinjilicut,,
Jagatsinghpur,jagatsinghpur,Jagatsinghpur,,Odisha,"


Rahama",,https://www.kisaanhelpline.com/mandi-list/jagatsinghpur,20.259387,86.166088
JAJPUR,jajpur,JAJPUR,,Odisha,"


Jajpur",,https://www.kisaanhelpline.com/mandi-list/jajpur,20.874679,86.121539
Jatni,jatni,Jatni,,,,,https://www.kisaanhelpline.com/mandi-list/jatni,,
kantabanji,kantabanji,kantabanji,,,,,https://www.kisaanhelpline.com/mandi-list/kantabanji,,
keonjhar,keonjhar,keonjhar,,Odisha,"


Anandapur, 


Keonjhar",,https://www.kisaanhelpline.com/mandi-list/keonjhar,21.5,85.5
Khariar,khariar,Khariar,,,,,https://www.kisaanhelpline.com/mandi-list/khariar,,
Malkangiri,malkangiri,Malkangiri,,,,,https://www.kisaanhelpline.com/mandi-list/malkangiri,,
Nowrangapur,nowrangapur,Nowrangapur,,,,,https://www.kisaanhelpline.com/mandi-list/nowrangapur,,
PANDAKITAL,pandakital,PANDAKITAL,,,,,https://www.kisaanhelpline.com/mandi-list/pandakital,,
Phulbani,phulbani,Phulbani,,,,,https://www.kisaanhelpline.com/mandi-list/phulbani,,
Sakhigopal,sakhigopal,Sakhigopal,,,,,https://www.kisaanhelpline.com/mandi-list/sakhigopal,,
Abhanpur,abhanpur,Abhanpur,,,,,https://www.kisaanhelpline.com/mandi-list/abhanpur,,
Ahivara,ahivara,Ahivara,,,,,https://www.kisaanhelpline.com/mandi-list/ahivara,,
Akaltara,akaltara,Akaltara,,,,,https://www.kisaanhelpline.com/mandi-list/akaltara,,
Ambikapur,ambikapur,Ambikapur,,,,,https://www.kisaanhelpline.com/mandi-list/ambikapur,,
ANTAGARH,antagarh,ANTAGARH,,,,,https://www.kisaanhelpline.com/mandi-list/antagarh,,
ARANG,arang,ARANG,,,,,https://www.kisaanhelpline.com/mandi-list/arang,,
Baloda bazar,baloda-bazar,Baloda bazar,,,,,https://www.kisaanhelpline.com/mandi-list/baloda-bazar,,
Baradwar,baradwar,Baradwar,,,,,https://www.kisaanhelpline.com/mandi-list/baradwar,,
bardewri,bardewri,bardewri,,,,,https://www.kisaanhelpline.com/mandi-list/bardewri,,
Bariyo,bariyo,Bariyo,,,,,https://www.kisaanhelpline.com/mandi-list/bariyo,,
basna,basna,basna,,,,,https://www.kisaanhelpline.com/mandi-list/basna,,
BASTAR,bastar,BASTAR,,,,,https://www.kisaanhelpline.com/mandi-list/bastar,,
Bededonger,bededonger,Bededonger,,,,,https://www.kisaanhelpline.com/mandi-list/bededonger,,
belar bahra,belar-bahra,belar bahra,,,,,https://www.kisaanhelpline.com/mandi-list/belar-bahra,,
Belargaon,belargaon,Belargaon,,,,,https://www.kisaanhelpline.com/mandi-list/belargaon,,
beltara,beltara,beltara,,,,,https://www.kisaanhelpline.com/mandi-list/beltara,,
Bemetara,bemetara,Bemetara,,,,,https://www.kisaanhelpline.com/mandi-list/bemetara,,
Berla,berla,Berla,,,,,https://www.kisaanhelpline.com/mandi-list/berla,,
Bhanupratappur,bhanupratappur,Bhanupratappur,,,,,https://www.kisaanhelpline.com/mandi-list/bhanupratappur,,
Dharmjaygarh,dharmjaygarh,Dharmjaygarh,,,,,https://www.kisaanhelpline.com/mandi-list/dharmjaygarh,,
BHATAPARA,bhatapara,BHATAPARA,,,,,https://www.kisaanhelpline.com/mandi-list/bhatapara,,
Bhatgaon,bhatgaon,Bhatgaon,,,,,https://www.kisaanhelpline.com/mandi-list/bhatgaon,,
Bhavarpur,bhavarpur,Bhavarpur,,,,,https://www.kisaanhelpline.com/mandi-list/bhavarpur,,
Bheemkhoj,bheemkhoj,Bheemkhoj,,,,,https://www.kisaanhelpline.com/mandi-list/bheemkhoj,,
Bhendri,bhendri,Bhendri,,,,,https://www.kisaanhelpline.com/mandi-list/bhendri,,
Bijapur,bijapur,Bijapur,,Karnataka,"


Bijapur",,https://www.kisaanhelpline.com/mandi-list/bijapur,16.826991,75.717539
Bhopalpattnam,bhopalpattnam,Bhopalpattnam,,,,,https://www.kisaanhelpline.com/mandi-list/bhopalpattnam,,
Bhoring,bhoring,Bhoring,,,,,https://www.kisaanhelpline.com/mandi-list/bhoring,,
Bhurkoni,bhurkoni,Bhurkoni,,,,,https://www.kisaanhelpline.com/mandi-list/bhurkoni,,
BILASPUR,bilaspur,BILASPUR,,Himachal Pradesh,"


Pendraroad, 


Kota, 


Tiphra",,https://www.kisaanhelpline.com/mandi-list/bilaspur,31.338096,76.761163
bilha,bilha,bilha,,,,,https://www.kisaanhelpline.com/mandi-list/bilha,,
Borai,borai,Borai,,,,,https://www.kisaanhelpline.com/mandi-list/borai,,
chandrapur,chandrapur,chandrapur,,Maharashtra,"


Savali, 


Bhadrawati, 


Nagbhid, 


Mul, 


Brahmpuri, 


Korpana",,https://www.kisaanhelpline.com/mandi-list/chandrapur,20.096756,79.504548
Charama,charama,Charama,,,,,https://www.kisaanhelpline.com/mandi-list/charama,,
CHHINARI,chhinari,CHHINARI,,,,,https://www.kisaanhelpline.com/mandi-list/chhinari,,
Chura,chura,Chura,,,,,https://www.kisaanhelpline.com/mandi-list/chura,,
Chhuria,chhuria,Chhuria,,,,,https://www.kisaanhelpline.com/mandi-list/chhuria,,
Deobhog,deobhog,Deobhog,,,,,https://www.kisaanhelpline.com/mandi-list/deobhog,,
Bade Devda,bade-devda,Bade Devda,,,,,https://www.kisaanhelpline.com/mandi-list/bade-devda,,
Syamtarai,syamtarai,Syamtarai,,,,,https://www.kisaanhelpline.com/mandi-list/syamtarai,,
Dhamtari,dhamtari,Dhamtari,,,"


Dhamtari",,https://www.kisaanhelpline.com/mandi-list/dhamtari,,
Dhanora,dhanora,Dhanora,,,,,https://www.kisaanhelpline.com/mandi-list/dhanora,,
DONDI,dondi,DONDI,,,,,https://www.kisaanhelpline.com/mandi-list/dondi,,
DONDI LOHARA,dondi-lohara,DONDI LOHARA,,,,,https://www.kisaanhelpline.com/mandi-list/dondi-lohara,,
Dongargaon,dongargaon,Dongargaon,,,,,https://www.kisaanhelpline.com/mandi-list/dongargaon,,
dongargarh,dongargarh,dongargarh,,,,,https://www.kisaanhelpline.com/mandi-list/dongargarh,,
DORNAPAL,dornapal,DORNAPAL,,,,,https://www.kisaanhelpline.com/mandi-list/dornapal,,
dudhawa,dudhawa,dudhawa,,,,,https://www.kisaanhelpline.com/mandi-list/dudhawa,,
Durg,durg,Durg,,,"


Durg",,https://www.kisaanhelpline.com/mandi-list/durg,,
GAMHARI,gamhari,GAMHARI,,,,,https://www.kisaanhelpline.com/mandi-list/gamhari,,
gandai,gandai,gandai,,,,,https://www.kisaanhelpline.com/mandi-list/gandai,,
Gariaband,gariaband,Gariaband,,,,,https://www.kisaanhelpline.com/mandi-list/gariaband,,
Gattasilli,gattasilli,Gattasilli,,,,,https://www.kisaanhelpline.com/mandi-list/gattasilli,,
GEEDAM,geedam,GEEDAM,,,,,https://www.kisaanhelpline.com/mandi-list/geedam,,
Gharghoda,gharghoda,Gharghoda,,,,,https://www.kisaanhelpline.com/mandi-list/gharghoda,,
GURUR,gurur,GURUR,,,,,https://www.kisaanhelpline.com/mandi-list/gurur,,
Hasoad,hasoad,Hasoad,,,,,https://www.kisaanhelpline.com/mandi-list/hasoad,,
HIRAPUR,hirapur,HIRAPUR,,,,,https://www.kisaanhelpline.com/mandi-list/hirapur,,
JAGDALPUR,jagdalpur,JAGDALPUR,,,,,https://www.kisaanhelpline.com/mandi-list/jagdalpur,,
Jaijaipur,jaijaipur,Jaijaipur,,,,,https://www.kisaanhelpline.com/mandi-list/jaijaipur,,
Jairamnagar,jairamnagar,Jairamnagar,,,,,https://www.kisaanhelpline.com/mandi-list/jairamnagar,,
Jaitgiri,jaitgiri,Jaitgiri,,,,,https://www.kisaanhelpline.com/mandi-list/jaitgiri,,
Jhalap,jhalap,Jhalap,,,,,https://www.kisaanhelpline.com/mandi-list/jhalap,,
Jashpur Nagar,jashpur-nagar,Jashpur Nagar,,,,,https://www.kisaanhelpline.com/mandi-list/jashpur-nagar,,
Kakni,kakni,Kakni,,,,,https://www.kisaanhelpline.com/mandi-list/kakni,,
KANKER,kanker,KANKER,,,"


Charama",,https://www.kisaanhelpline.com/mandi-list/kanker,,
KORAR,korar,KORAR,,,,,https://www.kisaanhelpline.com/mandi-list/korar,,
Karpawand,karpawand,Karpawand,,,,,https://www.kisaanhelpline.com/mandi-list/karpawand,,
kasdol,kasdol,kasdol,,,,,https://www.kisaanhelpline.com/mandi-list/kasdol,,
Katghora,katghora,Katghora,,,,,https://www.kisaanhelpline.com/mandi-list/katghora,,
Kawardha,kawardha,Kawardha,,,,,https://www.kisaanhelpline.com/mandi-list/kawardha,,
Keshkal,keshkal,Keshkal,,,,,https://www.kisaanhelpline.com/mandi-list/keshkal,,
Khamhariya,khamhariya,Khamhariya,,,,,https://www.kisaanhelpline.com/mandi-list/khamhariya,,
Kharora,kharora,Kharora,,,,,https://www.kisaanhelpline.com/mandi-list/kharora,,
Kharsia,kharsia,Kharsia,,,,,https://www.kisaanhelpline.com/mandi-list/kharsia,,
Komakhan,komakhan,Komakhan,,,,,https://www.kisaanhelpline.com/mandi-list/komakhan,,
Kondagaon,kondagaon,Kondagaon,,,"


Keshkal, 


Vishrampur, 


Gamhari, 


Dhanora, 


Kondagoan",,https://www.kisaanhelpline.com/mandi-list/kondagaon,,
kotba,kotba,kotba,,,,,https://www.kisaanhelpline.com/mandi-list/kotba,,
KOTMI,kotmi,KOTMI,,,,,https://www.kisaanhelpline.com/mandi-list/kotmi,,
KUKANAR,kukanar,KUKANAR,,,,,https://www.kisaanhelpline.com/mandi-list/kukanar,,
kunda,kunda,kunda,,,,,https://www.kisaanhelpline.com/mandi-list/kunda,,
KUNKURI,kunkuri,KUNKURI,,,,,https://www.kisaanhelpline.com/mandi-list/kunkuri,,
Kurud- sub yard Belora,kurud-sub-yard-belora,Kurud- sub yard Belora,,,,,https://www.kisaanhelpline.com/mandi-list/kurud-sub-yard-belora,,
Kurud- sub yard Bhakhara,kurud-sub-yard-bhakhara,Kurud- sub yard Bhakhara,,,,,https://www.kisaanhelpline.com/mandi-list/kurud-sub-yard-bhakhara,,
Kusmee,kusmee,Kusmee,,,,,https://www.kisaanhelpline.com/mandi-list/kusmee,,
Lakhanpuri,lakhanpuri,Lakhanpuri,,,,,https://www.kisaanhelpline.com/mandi-list/lakhanpuri,,
Lohandiguda,lohandiguda,Lohandiguda,,,,,https://www.kisaanhelpline.com/mandi-list/lohandiguda,,
lormi,lormi,lormi,,,,,https://www.kisaanhelpline.com/mandi-list/lormi,,
magarlod,magarlod,magarlod,,,,,https://www.kisaanhelpline.com/mandi-list/magarlod,,
Mahasamund,mahasamund,Mahasamund,,,"


Basana",,https://www.kisaanhelpline.com/mandi-list/mahasamund,,
MAKDI,makdi,MAKDI,,,,,https://www.kisaanhelpline.com/mandi-list/makdi,,
manendragarh,manendragarh,manendragarh,,,,,https://www.kisaanhelpline.com/mandi-list/manendragarh,,
MARDAPAL,mardapal,MARDAPAL,,,,,https://www.kisaanhelpline.com/mandi-list/mardapal,,
Muli,muli,Muli,,,,,https://www.kisaanhelpline.com/mandi-list/muli,,
MUNGELI,mungeli,MUNGELI,,,"


Munguli",,https://www.kisaanhelpline.com/mandi-list/mungeli,,
Nagri,nagri,Nagri,,,,,https://www.kisaanhelpline.com/mandi-list/nagri,,
Naila,naila,Naila,,,,,https://www.kisaanhelpline.com/mandi-list/naila,,
Narayanpur,narayanpur,Narayanpur,,,,,https://www.kisaanhelpline.com/mandi-list/narayanpur,,
Narharpur,narharpur,Narharpur,,,,,https://www.kisaanhelpline.com/mandi-list/narharpur,,
Nawagarh,nawagarh,Nawagarh,,,,,https://www.kisaanhelpline.com/mandi-list/nawagarh,,
Nawapara,nawapara,Nawapara,,,,,https://www.kisaanhelpline.com/mandi-list/nawapara,,
Neora-Tilda,neora-tilda,Neora-Tilda,,,,,https://www.kisaanhelpline.com/mandi-list/neora-tilda,,
Raigarh,raigarh,Raigarh,,,"


Sarangarh, 


Kedar",,https://www.kisaanhelpline.com/mandi-list/raigarh,,
Raipur,raipur,Raipur,,,"


Abhanpur",,https://www.kisaanhelpline.com/mandi-list/raipur,,
rajnandgaon,rajnandgaon,rajnandgaon,,,"


Rajnandgaon, 


Gandai, 


Kheragarh",,https://www.kisaanhelpline.com/mandi-list/rajnandgaon,,
Baghabazar Ambagarh,baghabazar-ambagarh,Baghabazar Ambagarh,,,,,https://www.kisaanhelpline.com/mandi-list/baghabazar-ambagarh,,
SARANGARH,sarangarh,SARANGARH,,,o,,https://www.kisaanhelpline.com/mandi-list/sarangarh,,
Sitapur,sitapur,Sitapur,,Uttar Pradesh,"


Sitapur, 


Mehmoodabad, 


Viswan",,https://www.kisaanhelpline.com/mandi-list/sitapur,27.502675,80.833514
DHAMDHA,dhamdha,DHAMDHA,,,,,https://www.kisaanhelpline.com/mandi-list/dhamdha,,
SUKMA,sukma,SUKMA,,,,,https://www.kisaanhelpline.com/mandi-list/sukma,,
Lakhisarai,lakhisarai,Lakhisarai,,,"
",,https://www.kisaanhelpline.com/mandi-list/lakhisarai,,
Narkatiaganj,narkatiaganj,Narkatiaganj,,,,,https://www.kisaanhelpline.com/mandi-list/narkatiaganj,,
Natwar,natwar,Natwar,,,"
",,https://www.kisaanhelpline.com/mandi-list/natwar,,
Nokha,nokha,Nokha,,,,,https://www.kisaanhelpline.com/mandi-list/nokha,,
Saharsa,saharsa,Saharsa,,,"
",,https://www.kisaanhelpline.com/mandi-list/saharsa,,
Sheikhpura,sheikhpura,Sheikhpura,,,"
",,https://www.kisaanhelpline.com/mandi-list/sheikhpura,,
Singheswarasthan,singheswarasthan,Singheswarasthan,,,"
",,https://www.kisaanhelpline.com/mandi-list/singheswarasthan,,
Siwan,siwan,Siwan,,,,,https://www.kisaanhelpline.com/mandi-list/siwan,,
Supaul,supaul,Supaul,,,,,https://www.kisaanhelpline.com/mandi-list/supaul,,
AMBALA,ambala,AMBALA,,Haryana,"


Barara, 


Naraingarh, 


Shahzadpur",,https://www.kisaanhelpline.com/mandi-list/ambala,30.384367,76.770421
Ambala Cantt,ambala-cantt,Ambala Cantt,,,,,https://www.kisaanhelpline.com/mandi-list/ambala-cantt,,
Assandh,assandh,Assandh,,,,,https://www.kisaanhelpline.com/mandi-list/assandh,,
Ateli,ateli,Ateli,,,,,https://www.kisaanhelpline.com/mandi-list/ateli,,
BALLABGARH,ballabgarh,BALLABGARH,,,,,https://www.kisaanhelpline.com/mandi-list/ballabgarh,,
Behal,behal,Behal,,,,,https://www.kisaanhelpline.com/mandi-list/behal,,
BERI,beri,BERI,,,,,https://www.kisaanhelpline.com/mandi-list/beri,,
Barwala,barwala,Barwala,,,,,https://www.kisaanhelpline.com/mandi-list/barwala,,
Bhattu Kalan,bhattu-kalan,Bhattu Kalan,,,,,https://www.kisaanhelpline.com/mandi-list/bhattu-kalan,,
Bhiwani,bhiwani,Bhiwani,,Haryana,"


Loharu",,https://www.kisaanhelpline.com/mandi-list/bhiwani,28.79317,76.139128
Kurukshetra,kurukshetra,Kurukshetra,,Haryana,"


Shahabad, 


Ladwa, 


Pehowa, 


Pipli, 


Babain, 


Thanesar",,https://www.kisaanhelpline.com/mandi-list/kurukshetra,29.969375,76.848279
Panipat,panipat,Panipat,,Haryana,"


Madlauda, 


Panipat, 


Samalkha",,https://www.kisaanhelpline.com/mandi-list/panipat,29.391275,76.977167
Dabwali,dabwali,Dabwali,,,,,https://www.kisaanhelpline.com/mandi-list/dabwali,,
CHEEKA,cheeka,CHEEKA,,,,,https://www.kisaanhelpline.com/mandi-list/cheeka,,
Chhachhrauli,chhachhrauli,Chhachhrauli,,,,,https://www.kisaanhelpline.com/mandi-list/chhachhrauli,,
Dhand,dhand,Dhand,,,,,https://www.kisaanhelpline.com/mandi-list/dhand,,
Dharsul,dharsul,Dharsul,,,,,https://www.kisaanhelpline.com/mandi-list/dharsul,,
Sheopur,sheopur,Sheopur,,Madhya Pradesh,"


Sheopurkalan, 


Vijaypur, 


Sheopurbadod",,https://www.kisaanhelpline.com/mandi-list/sheopur,25.749927,76.921295
